Workbook

Sheet Overview
A4: Project_Number | B4: JL_008
A5: Project_Name | B5: JL_008 Bart EPZ
A6: Year | B6: 2025
A7: RT_Month | B7: 10
A8: RT_Date | B8: 9
A9: RT_Plate_Name | B9: JL_008 Bart EPZ
A10: RT_Plate_Storage | B10: -20
A11: SecondStrand_Month | B11: 10
A12: SecondStrand_Date | B12: 10
A13: SecondStrand_Pool_Name | B13: JL_008 Bart EPZ
A14: SecondStrand_Pool_Storage | B14: JL_008 Bart EPZ
A15: Tagmentation_Month | B15: 10
A16: Tagmentation_Date | B16: 14
A17: Tagmentation_Pool_Name | B17: JL_008 Bart EPZ
A18: Tagmentation_Pool_Storage | B18: -20
A19: SpikeIn_Submission_Date | B19: 14
A20: Spikein_Results_Location
A21: GTAC_Submission_Date
A22: GTAC_Results_Location

Sheet Reverse Transcription
A1: Sample Number | B1: Well Location | C1: Sample Name | D1: Sample Concentration (ng/uL) | E1: Alithea Barcodes
A2: 01 | B2: A01 | D2: Ileum_Control_3_6_Day | E2: =INDEX('Alithea Barcodes'!$A$2:$C$97,MATCH('Reverse Transcription'!B2,'Alithea Barcodes'!$A$2:$A$97,0),2) -> AATGCGGCTTGACC
A3: 02 | B3: B01 | D3: Ileum_EPZ_3_6_Day | E3: =INDEX('Alithea Barcodes'!$A$2:$C$97,MATCH('Reverse Transcription'!B3,'Alithea Barcodes'!$A$2:$A$97,0),2) -> ACACTAGTGCATGA
A4: 03 | B4: C01 | D4: Ileum_EPZ_CHIR_VPA_3_6_Day | E4: =INDEX('Alithea Barcodes'!$A$2:$C$97,MATCH('Reverse Transcription'!B4,'Alithea Barcodes'!$A$2:$A$97,0),2) -> TCCGTAACCGTTCA
A5: 04 | B5: D01 | D5: Ileum_EPZ_VPA_3_6_Day | E5: =INDEX('Alithea Barcodes'!$A$2:$C$97,MATCH('Reverse Transcription'!B5,'Alithea Barcodes'!$A$2:$A$97,0),2) -> TTGTCGCCGAGACC
A6: 05 | B6: E01 | D6: Rectum_Control_3_6_Day | E6: =INDEX('Alithea Barcodes'!$A$2:$C$97,MATCH('Reverse Transcription'!B6,'Alithea Barcodes'!$A$2:$A$97,0),2) -> TCATACCGAATTGA
A7: 06 | B7: F01 | D7: Rectum_EPZ_3_6_Day | E7: =INDEX('Alithea Barcodes'!$A$2:$C$97,MATCH('Reverse Transcription'!B7,'Alithea Barcodes'!$A$2:$A$97,0),2) -> ACGACACATGCTAC
A8: 07 | B8: G01 | D8: Rectum_EPZ_CHIR_VPA_3_6_Day | E8: =INDEX('Alithea Barcodes'!$A$2:$C$97,MATCH('Reverse Transcription'!B8,'Alithea Barcodes'!$A$2:$A$97,0),2) -> TATTCGTTATCGGC
A9: 08 | B9: H01 | D9: Rectum_EPZ_VPA_3_6_Day | E9: =INDEX('Alithea Barcodes'!$A$2:$C$97,MATCH('Reverse Transcription'!B9,'Alithea Barcodes'!$A$2:$A$97,0),2) -> CCGTAGTTGGACCG
A10: 09 | B10: A02 | E10: =INDEX('Alithea Barcodes'!$A$2:$C$97,MATCH('Reverse Transcription'!B10,'Alithea Barcodes'!$A$2:$A$97,0),2) -> ATGGTAATCCAAGG
A11: 10 | B11: B02 | E11: =INDEX('Alithea Barcodes'!$A$2:$C$97,MATCH('Reverse Transcription'!B11,'Alithea Barcodes'!$A$2:$A$97,0),2) -> CACTACTACAGTGC
A12: 11 | B12: C02 | E12: =INDEX('Alithea Barcodes'!$A$2:$C$97,MATCH('Reverse Transcription'!B12,'Alithea Barcodes'!$A$2:$A$97,0),2) -> ATACGATCGCTACG
A13: 12 | B13: D02 | E13: =INDEX('Alithea Barcodes'!$A$2:$C$97,MATCH('Reverse Transcription'!B13,'Alithea Barcodes'!$A$2:$A$97,0),2) -> ACGAGACGTAGCGC
A14: 13 | B14: E02 | E14: =INDEX('Alithea Barcodes'!$A$2:$C$97,MATCH('Reverse Transcription'!B14,'Alithea Barcodes'!$A$2:$A$97,0),2) -> CCTCTAATGGCCGC
A15: 14 | B15: F02 | E15: =INDEX('Alithea Barcodes'!$A$2:$C$97,MATCH('Reverse Transcription'!B15,'Alithea Barcodes'!$A$2:$A$97,0),2) -> TCGCAGCCTAGAAG
A16: 15 | B16: G02 | E16: =INDEX('Alithea Barcodes'!$A$2:$C$97,MATCH('Reverse Transcription'!B16,'Alithea Barcodes'!$A$2:$A$97,0),2) -> CACACGTCTCGTAG
A17: 16 | B17: H02 | E17: =INDEX('Alithea Barcodes'!$A$2:$C$97,MATCH('Reverse Transcription'!B17,'Alithea Barcodes'!$A$2:$A$97,0),2) -> ATCTGACGAGTCGA
A18: 17 | B18: A03 | E18: =INDEX('Alithea Barcodes'!$A$2:$C$97,MATCH('Reverse Transcription'!B18,'Alithea Barcodes'!$A$2:$A$97,0),2) -> ACTGTGCAGCTGAG
A19: 18 | B19: B03 | E19: =INDEX('Alithea Barcodes'!$A$2:$C$97,MATCH('Reverse Transcription'!B19,'Alithea Barcodes'!$A$2:$A$97,0),2) -> AAGAAGCCATAAGG
A20: 19 | B20: C03 | E20: =INDEX('Alithea Barcodes'!$A$2:$C$97,MATCH('Reverse Transcription'!B20,'Alithea Barcodes'!$A$2:$A$97,0),2) -> AACCGGTTGTTAGC
A21: 20 | B21: D03 | E21: =INDEX('Alithea Barcodes'!$A$2:$C$97,MATCH('Reverse Transcription'!B21,'Alithea Barcodes'!$A$2:$A$97,0),2) -> CACGACACATAGAC
A22: 21 | B22: E03 | E22: =INDEX('Alithea Barcodes'!$A$2:$C$97,MATCH('Reverse Transcription'!B22,'Alithea Barcodes'!$A$2:$A$97,0),2) -> TCAGTCGAGATAGA
... A57: 56 | B57: H07 | E57: =INDEX('Alithea Barcodes'!$A$2:$C$97,MATCH('Reverse Transcription'!B57,'Alithea Barcodes'!$A$2:$A$97,0),2) -> ATGGTTATGTGGCA
A58: 57 | B58: A08 | D58: Ileum_Control_1_2_Day | E58: =INDEX('Alithea Barcodes'!$A$2:$C$97,MATCH('Reverse Transcription'!B58,'Alithea Barcodes'!$A$2:$A$97,0),2) -> CCACTTAACTCTGC
A59: 58 | B59: B08 | D59: Ileum_EPZ_1_2_Day | E59: =INDEX('Alithea Barcodes'!$A$2:$C$97,MATCH('Reverse Transcription'!B59,'Alithea Barcodes'!$A$2:$A$97,0),2) -> ACTGGAATTGGAGC
A60: 59 | B60: C08 | D60: Ileum_EPZ_CHIR_VPA_1_2_Day | E60: =INDEX('Alithea Barcodes'!$A$2:$C$97,MATCH('Reverse Transcription'!B60,'Alithea Barcodes'!$A$2:$A$97,0),2) -> CACATAGTCGACGA
A61: 60 | B61: D08 | D61: Ileum_EPZ_VPA_1_2_Day | E61: =INDEX('Alithea Barcodes'!$A$2:$C$97,MATCH('Reverse Transcription'!B61,'Alithea Barcodes'!$A$2:$A$97,0),2) -> CTGCTGCTAGGAAC
A62: 61 | B62: E08 | D62: Rectum_Control_1_2_Day | E62: =INDEX('Alithea Barcodes'!$A$2:$C$97,MATCH('Reverse Transcription'!B62,'Alithea Barcodes'!$A$2:$A$97,0),2) -> TAGAGCTGAGATCA
A63: 62 | B63: F08 | D63: Rectum_EPZ_1_2_Day | E63: =INDEX('Alithea Barcodes'!$A$2:$C$97,MATCH('Reverse Transcription'!B63,'Alithea Barcodes'!$A$2:$A$97,0),2) -> CCATAACCGGATCC
A64: 63 | B64: G08 | D64: Rectum_EPZ_CHIR_VPA_1_2_Day | E64: =INDEX('Alithea Barcodes'!$A$2:$C$97,MATCH('Reverse Transcription'!B64,'Alithea Barcodes'!$A$2:$A$97,0),2) -> CACAGCGATGTAGC
A65: 64 | B65: H08 | D65: Rectum_EPZ_VPA_1_2_Day | E65: =INDEX('Alithea Barcodes'!$A$2:$C$97,MATCH('Reverse Transcription'!B65,'Alithea Barcodes'!$A$2:$A$97,0),2) -> TCTCGCGGTCAAGC
A66: 65 | B66: A09 | D66: Ileum_Control_2_2_Day | E66: =INDEX('Alithea Barcodes'!$A$2:$C$97,MATCH('Reverse Transcription'!B66,'Alithea Barcodes'!$A$2:$A$97,0),2) -> AACCTAGAACCGCG
A67: 66 | B67: B09 | D67: Ileum_EPZ_2_2_Day | E67: =INDEX('Alithea Barcodes'!$A$2:$C$97,MATCH('Reverse Transcription'!B67,'Alithea Barcodes'!$A$2:$A$97,0),2) -> CAACGTGCCATGCG
A68: 67 | B68: C09 | D68: Ileum_EPZ_CHIR_VPA_2_2_Day | E68: =INDEX('Alithea Barcodes'!$A$2:$C$97,MATCH('Reverse Transcription'!B68,'Alithea Barcodes'!$A$2:$A$97,0),2) -> ATAGTCACTAGCAC
A69: 68 | B69: D09 | D69: Ileum_EPZ_VPA_2_2_Day | E69: =INDEX('Alithea Barcodes'!$A$2:$C$97,MATCH('Reverse Transcription'!B69,'Alithea Barcodes'!$A$2:$A$97,0),2) -> TAGACACGTACTCA
... A97: 96 | B97: H12 | D97: Rectum_EPZ_VPA_2_6_Day | E97: =INDEX('Alithea Barcodes'!$A$2:$C$97,MATCH('Reverse Transcription'!B97,'Alithea Barcodes'!$A$2:$A$97,0),2) -> CAGCGTATCTATCA

Sheet Pooling, Cleanup & SSS
A2: 2.2. Samples pooling and column purification
A3: Number of Samples | B3: 48
A4: Average NG in RT reaction | B4: 500
A5: Volume of RT Reaction Pooled | B5: =371/B3 -> 7.7291667 | C5: For repooling, enter Total Volume Pooled / Number of samples in cell B5. And then calculations are the same
A6: Total Sample Volume Pooled (uL) | B6: =B3*B5 -> 371
A7: Nominal ng in Pool | B7: =B3*(B5/20)*B4 -> 9275 | C7: =IF(B7<=10000,"PASS","FAIL: More than 10,000 ng in the pool. Please reduce pooled volume") -> PASS
A8: Volume of DNA Binding Buffer (uL) | B8: =7*B6 -> 2597
A9: Total Volume (uL) | B9: =B6+B8 -> 2968 | C9: =IF(B9<4800,"PASS","FAIL: Volume pooled exceeds 4.8 mL. Please reduced pooled volume") -> PASS
A10: Number of Columns to use | B10: one
A12: Load up to 800 uL into the column. Repeat loading as needed. If using two columns, load half the total volume into each column
A13: Use 20 uL of nuclease free water in each column for the final elution. If using two columns, pool the elutions into a single tube (40 uL total)
A16: 2.3. Free primer digestion
A17: Type of Cleanup | B17: Column
A18: cDNA Transfer Volume | B18: =IF(B$10="Two",35,IF(B$10="One",17,"Error: Unexpected number of columns")) -> 17
A19: EXB per reaction | B19: =IF(B$10="Two",4,IF(B$10="One",2,"Error: Unexpected number of columns")) -> 2
A20: EXO per reaction | B20: =IF(B$10="Two",1,IF(B$10="One",1,"Error: Unexpected number of columns")) -> 1
A21: Total EXB/EXO per reaction | B21: =B19+B20 -> 3
A24: 2.4. Second strand synthesis
A25: Reagent | B25: Volume
A26: SSB | B26: =IF(B$10="Two",7,IF(B$10="One",5,"Error: Unexpected number of columns")) -> 5
A27: SSE | B27: =IF(B$10="Two",3,IF(B$10="One",2,"Error: Unexpected number of columns")) -> 2
A28: Total | B28: =SUM(B26:B27) -> 7
A31: 2.4.17.
A32: Qubit HS dsDNA Concentration | B32: 1.99
A33: Total cDNA Yield (ng) | B33: =B32*20 -> 39.8

Sheet Tagmentation
A1: 2.5. Tagmentation
A2: Volume of cDNA added (20ng) | B2: 10
A3: Volume of NFW added | B3: =13-B2 -> 3
A4: Volume of TAB added | B4: 4
A5: Volume of TE added | B5: 3
A6: Total Volume | B6: 20 uL
A8: 2.6. Library indexing and amplification
A9: MQ.UDI Adapter | B9: MQ.UDI.2
A10: Amount of PCR cycles | B10: 15
A12: 2.7. Library quality control
A13: Tapestation_File
A14: %_LessThan_300
A15: %_300_1000
A16: Mean_BP | B16: 795bp
A17: Qubit HS Concentration | B17: 5.06 ng/ul | C17: 9.6nM
A19: Library Information
A22: Spike In Information
A23: Sample name | B23: Index 1 Index Name (i7) | C23: Index 2 name (if used; i5) | D23: Index 1 Sequence | E23: Index 2 sequence
A25: JL_008 Bart EPZ | B25: =INDEX('Alithea Barcodes'!$E$2:$L$5,MATCH(Tagmentation!$B$9,'Alithea Barcodes'!$E$2:$E$5,0),3) -> MQ.UDI.2(N702) | C25: =INDEX('Alithea Barcodes'!$E$2:$L$5,MATCH(Tagmentation!$B$9,'Alithea Barcodes'!$E$2:$E$5,0),6) -> MQ.UDI.2(D502) | D25: =INDEX('Alithea Barcodes'!$E$2:$L$5,MATCH(Tagmentation!$B$9,'Alithea Barcodes'!$E$2:$E$5,0),4) -> CGTACTAG | E25: =INDEX('Alithea Barcodes'!$E$2:$L$5,MATCH(Tagmentation!$B$9,'Alithea Barcodes'!$E$2:$E$5,0),7) -> ATAGAGGC
A28: GTAC Information
A29: Index1 or Pair Name | B29: Index2 Name | C29: i7 (Index 1) Sequence | D29: i5 (Index 2)_workflow_a | E29: Tag Sequence (combined indexes)
A30: =B9 -> MQ.UDI.2 | B30: =B9 -> MQ.UDI.2 | C30: =INDEX('Alithea Barcodes'!$E$2:$L$5,MATCH(Tagmentation!$B$9,'Alithea Barcodes'!$E$2:$E$5,0),4) -> CGTACTAG | D30: =INDEX('Alithea Barcodes'!$E$2:$L$5,MATCH(Tagmentation!$B$9,'Alithea Barcodes'!$E$2:$E$5,0),7) -> ATAGAGGC | E30: =CONCATENATE(C30,"-",D30) -> CGTACTAG-ATAGAGGC

Sheet Alithea Barcodes
A1: Well Location | B1: Alithea Barcode | C1: Alithea_Plate_Number | E1: Alithea_UDI_Name | F1: CGSSC_i7_Name | G1: CGSSC_Full_i7_Name | H1: i7_Index_8base | I1: CGSSB_i5_Name | J1: CGSSC_Full_i7_Name | K1: i5_Index_8base_Forward | L1: i5_Index_8base_Reverse
A2: A01 | B2: AATGCGGCTTGACC | C2: 96_V5B | E2: MQ.UDI.1 | F2: N701 | G2: =CONCATENATE(E2,"(",F2,")") -> MQ.UDI.1(N701) | H2: TAAGGCGA | I2: D501 | J2: =CONCATENATE(E2,"(",I2,")") -> MQ.UDI.1(D501) | K2: TATAGCCT | L2: AGGCTATAGT
A3: A02 | B3: ATGGTAATCCAAGG | C3: 96_V5B | E3: MQ.UDI.2 | F3: N702 | G3: =CONCATENATE(E3,"(",F3,")") -> MQ.UDI.2(N702) | H3: CGTACTAG | I3: D502 | J3: =CONCATENATE(E3,"(",I3,")") -> MQ.UDI.2(D502) | K3: ATAGAGGC | L3: GCCTCTATGT
A4: A03 | B4: ACTGTGCAGCTGAG | C4: 96_V5B | E4: MQ.UDI.3 | F4: N703 | G4: =CONCATENATE(E4,"(",F4,")") -> MQ.UDI.3(N703) | H4: AGGCAGAA | I4: D503 | J4: =CONCATENATE(E4,"(",I4,")") -> MQ.UDI.3(D503) | K4: CCTATCCT | L4: AGGATAGGGT
A5: A04 | B5: AACCGCCGAGAAGG | C5: 96_V5B | E5: MQ.UDI.4 | F5: N704 | G5: =CONCATENATE(E5,"(",F5,")") -> MQ.UDI.4(N704) | H5: GCGTTGGA | I5: D504 | J5: =CONCATENATE(E5,"(",I5,")") -> MQ.UDI.4(D504) | K5: TTGGACTT | L5: TTGGACTTGT
A6: A05 | B6: CACATGTATGCACA | C6: 96_V5B
A7: A06 | B7: CAAGCCAAGGCGAA | C7: 96_V5B
A8: A07 | B8: ACCGCTCCTACAAG | C8: 96_V5B
A9: A08 | B9: CCACTTAACTCTGC | C9: 96_V5B
A10: A09 | B10: AACCTAGAACCGCG | C10: 96_V5B
A11: A10 | B11: CATCTCATAGTGAG | C11: 96_V5B
A12: A11 | B12: CCAACCTGGAGAAG | C12: 96_V5B
A13: A12 | B13: CTCCGAACCAGTAC | C13: 96_V5B
A14: B01 | B14: ACACTAGTGCATGA | C14: 96_V5B
A15: B02 | B15: CACTACTACAGTGC | C15: 96_V5B
A16: B03 | B16: AAGAAGCCATAAGG | C16: 96_V5B
A17: B04 | B17: CACAGCACTCGACA | C17: 96_V5B
... A97: H12 | B97: CAGCGTATCTATCA | C97: 96_V5B

Sheet Mapping_File
A1: SampleName | B1: Group | C1: Barcode | D1: Index1 | E1: Index2
A2: Ileum_Control_3_6_Day | B2: Ileum_Control_6_Day | C2: AATGCGGCTTGACC | D2: /scratch/bmlab/bolszowy/projects/JL_008_EPZ/data/SpikeIn/Muegge_JL_008_Bart_EPZ_MQ-UDI-2-N702_MQ-UDI-2-D502_CGTACTAG_ATAGAGGC_S10_R1_001.fastq.gz | E2: /scratch/bmlab/bolszowy/projects/JL_008_EPZ/data/SpikeIn/Muegge_JL_008_Bart_EPZ_MQ-UDI-2-N702_MQ-UDI-2-D502_CGTACTAG_ATAGAGGC_S10_R2_001.fastq.gz
A3: Ileum_EPZ_3_6_Day | B3: Ileum_EPZ_6_Day | C3: ACACTAGTGCATGA | D3: /scratch/bmlab/bolszowy/projects/JL_008_EPZ/data/SpikeIn/Muegge_JL_008_Bart_EPZ_MQ-UDI-2-N702_MQ-UDI-2-D502_CGTACTAG_ATAGAGGC_S10_R1_001.fastq.gz | E3: /scratch/bmlab/bolszowy/projects/JL_008_EPZ/data/SpikeIn/Muegge_JL_008_Bart_EPZ_MQ-UDI-2-N702_MQ-UDI-2-D502_CGTACTAG_ATAGAGGC_S10_R2_001.fastq.gz
A4: Ileum_EPZ_CHIR_VPA_3_6_Day | B4: Ileum_EPZ_CHIR_VPA_6_Day | C4: TCCGTAACCGTTCA | D4: /scratch/bmlab/bolszowy/projects/JL_008_EPZ/data/SpikeIn/Muegge_JL_008_Bart_EPZ_MQ-UDI-2-N702_MQ-UDI-2-D502_CGTACTAG_ATAGAGGC_S10_R1_001.fastq.gz | E4: /scratch/bmlab/bolszowy/projects/JL_008_EPZ/data/SpikeIn/Muegge_JL_008_Bart_EPZ_MQ-UDI-2-N702_MQ-UDI-2-D502_CGTACTAG_ATAGAGGC_S10_R2_001.fastq.gz
A5: Ileum_EPZ_VPA_3_6_Day | B5: Ileum_EPZ_VPA_6_Day | C5: TTGTCGCCGAGACC | D5: /scratch/bmlab/bolszowy/projects/JL_008_EPZ/data/SpikeIn/Muegge_JL_008_Bart_EPZ_MQ-UDI-2-N702_MQ-UDI-2-D502_CGTACTAG_ATAGAGGC_S10_R1_001.fastq.gz | E5: /scratch/bmlab/bolszowy/projects/JL_008_EPZ/data/SpikeIn/Muegge_JL_008_Bart_EPZ_MQ-UDI-2-N702_MQ-UDI-2-D502_CGTACTAG_ATAGAGGC_S10_R2_001.fastq.gz
A6: Rectum_Control_3_6_Day | B6: Rectum_Control_6_Day | C6: TCATACCGAATTGA | D6: /scratch/bmlab/bolszowy/projects/JL_008_EPZ/data/SpikeIn/Muegge_JL_008_Bart_EPZ_MQ-UDI-2-N702_MQ-UDI-2-D502_CGTACTAG_ATAGAGGC_S10_R1_001.fastq.gz | E6: /scratch/bmlab/bolszowy/projects/JL_008_EPZ/data/SpikeIn/Muegge_JL_008_Bart_EPZ_MQ-UDI-2-N702_MQ-UDI-2-D502_CGTACTAG_ATAGAGGC_S10_R2_001.fastq.gz
A7: Rectum_EPZ_3_6_Day | B7: Rectum_EPZ_6_Day | C7: ACGACACATGCTAC | D7: /scratch/bmlab/bolszowy/projects/JL_008_EPZ/data/SpikeIn/Muegge_JL_008_Bart_EPZ_MQ-UDI-2-N702_MQ-UDI-2-D502_CGTACTAG_ATAGAGGC_S10_R1_001.fastq.gz | E7: /scratch/bmlab/bolszowy/projects/JL_008_EPZ/data/SpikeIn/Muegge_JL_008_Bart_EPZ_MQ-UDI-2-N702_MQ-UDI-2-D502_CGTACTAG_ATAGAGGC_S10_R2_001.fastq.gz
A8: Rectum_EPZ_CHIR_VPA_3_6_Day | B8: Rectum_EPZ_CHIR_VPA_6_Day | C8: TATTCGTTATCGGC | D8: /scratch/bmlab/bolszowy/projects/JL_008_EPZ/data/SpikeIn/Muegge_JL_008_Bart_EPZ_MQ-UDI-2-N702_MQ-UDI-2-D502_CGTACTAG_ATAGAGGC_S10_R1_001.fastq.gz | E8: /scratch/bmlab/bolszowy/projects/JL_008_EPZ/data/SpikeIn/Muegge_JL_008_Bart_EPZ_MQ-UDI-2-N702_MQ-UDI-2-D502_CGTACTAG_ATAGAGGC_S10_R2_001.fastq.gz
A9: Rectum_EPZ_VPA_3_6_Day | B9: Rectum_EPZ_VPA_6_Day | C9: CCGTAGTTGGACCG | D9: /scratch/bmlab/bolszowy/projects/JL_008_EPZ/data/SpikeIn/Muegge_JL_008_Bart_EPZ_MQ-UDI-2-N702_MQ-UDI-2-D502_CGTACTAG_ATAGAGGC_S10_R1_001.fastq.gz | E9: /scratch/bmlab/bolszowy/projects/JL_008_EPZ/data/SpikeIn/Muegge_JL_008_Bart_EPZ_MQ-UDI-2-N702_MQ-UDI-2-D502_CGTACTAG_ATAGAGGC_S10_R2_001.fastq.gz
A10: Ileum_Control_1_2_Day | B10: Ileum_Control_2_Day | C10: CCACTTAACTCTGC | D10: /scratch/bmlab/bolszowy/projects/JL_008_EPZ/data/SpikeIn/Muegge_JL_008_Bart_EPZ_MQ-UDI-2-N702_MQ-UDI-2-D502_CGTACTAG_ATAGAGGC_S10_R1_001.fastq.gz | E10: /scratch/bmlab/bolszowy/projects/JL_008_EPZ/data/SpikeIn/Muegge_JL_008_Bart_EPZ_MQ-UDI-2-N702_MQ-UDI-2-D502_CGTACTAG_ATAGAGGC_S10_R2_001.fastq.gz
A11: Ileum_EPZ_1_2_Day | B11: Ileum_EPZ_2_Day | C11: ACTGGAATTGGAGC | D11: /scratch/bmlab/bolszowy/projects/JL_008_EPZ/data/SpikeIn/Muegge_JL_008_Bart_EPZ_MQ-UDI-2-N702_MQ-UDI-2-D502_CGTACTAG_ATAGAGGC_S10_R1_001.fastq.gz | E11: /scratch/bmlab/bolszowy/projects/JL_008_EPZ/data/SpikeIn/Muegge_JL_008_Bart_EPZ_MQ-UDI-2-N702_MQ-UDI-2-D502_CGTACTAG_ATAGAGGC_S10_R2_001.fastq.gz
A12: Ileum_EPZ_CHIR_VPA_1_2_Day | B12: Ileum_EPZ_CHIR_VPA_2_Day | C12: CACATAGTCGACGA | D12: /scratch/bmlab/bolszowy/projects/JL_008_EPZ/data/SpikeIn/Muegge_JL_008_Bart_EPZ_MQ-UDI-2-N702_MQ-UDI-2-D502_CGTACTAG_ATAGAGGC_S10_R1_001.fastq.gz | E12: /scratch/bmlab/bolszowy/projects/JL_008_EPZ/data/SpikeIn/Muegge_JL_008_Bart_EPZ_MQ-UDI-2-N702_MQ-UDI-2-D502_CGTACTAG_ATAGAGGC_S10_R2_001.fastq.gz
... A49: Rectum_EPZ_VPA_2_6_Day | B49: Rectum_EPZ_VPA_6_Day | C49: CAGCGTATCTATCA | D49: /scratch/bmlab/bolszowy/projects/JL_008_EPZ/data/SpikeIn/Muegge_JL_008_Bart_EPZ_MQ-UDI-2-N702_MQ-UDI-2-D502_CGTACTAG_ATAGAGGC_S10_R1_001.fastq.gz | E49: /scratch/bmlab/bolszowy/projects/JL_008_EPZ/data/SpikeIn/Muegge_JL_008_Bart_EPZ_MQ-UDI-2-N702_MQ-UDI-2-D502_CGTACTAG_ATAGAGGC_S10_R2_001.fastq.gz
